NAME,STATE_NAME,DESCRIPTION,IMAGE_URL,ICON_URL,BEST_TIME,LATITUDE,LONGITUDE,SEO_TITLE,SEO_DESCRIPTION
Visakhapatnam,Andhra Pradesh,"Visakhapatnam, fondly known as Vizag, is a stunning coastal city on the eastern shore of India, nestled in the state of Andhra Pradesh. Often referred to as the ""City of Destiny"" and the ""Jewel of the East Coast,"" it is a rare destination where the majestic Eastern Ghats meet the shimmering Bay of Bengal. This vibrant port city, home to the Eastern Naval Command of the Indian Navy, offers an unforgettable blend of natural beauty, rich history, and modern energy. Its picturesque beaches, serene landscapes, and rich cultural past make it an ideal spot for a fantastic coastal vacation.

The city is dotted with numerous attractions catering to all kinds of travelers. For those seeking panoramic views, a visit to Kailasagiri Hill Park is a must. Perched above the city, this sprawling hilltop park offers breathtaking views of the Bay of Bengal and the cityscape below. Visitors can enjoy a scenic ropeway ride spanning 1.5 kilometers or take a gentle ride on the miniature train winding through the verdant park. The park is also famous for its massive statues of Lord Shiva and Goddess Parvati. History and nature enthusiasts will be captivated by the Borra Caves, a geological marvel located about 90 kilometers from the city in the Ananthagiri hills. These ancient limestone caves, estimated to be over a million years old, are adorned with spectacular stalactite and stalagmite formations, creating an awe-inspiring spectacle. A visit to the nearby Araku Valley, a lush hill station at an elevation of 910 meters, offers a cool contrast to Vizag's coastal vibes. Known for its coffee plantations, gushing waterfalls like Katiki, and vibrant tribal culture, Araku Valley is a popular weekend getaway. The scenic train ride through tunnels and over bridges is an experience in itself.

For a dose of history and a unique experience, the INS Kurusura Submarine Museum is unparalleled. Housed in a decommissioned submarine parked right on the coast, it offers a fascinating glimpse into the life of naval officers. Visitors can walk through narrow corridors, view torpedo chambers, and observe the control room. The city is also home to the ancient Simhachalam Temple, dedicated to Lord Narasimha, which showcases a magnificent blend of Kalinga and Chalukyan architectural styles. Visakhapatnam is blessed with some of the cleanest and most serene beaches in India, including the popular Ramakrishna Beach and the pristine, less-crowded Yarada Beach, which is surrounded by majestic hills on three sides. The best time to visit is from October to March, when the weather is cool and pleasant. Easily accessible by air, rail, and road, Visakhapatnam promises a memorable escape for beach lovers, history buffs, nature enthusiasts, and adventure seekers alike.",https://upload.wikimedia.org/wikipedia/commons/thumb/a/a6/Visakhapatnam_city.jpg/1920px-Visakhapatnam_city.jpg?_=20170606193331,,Oct-Mar,17.6868,83.2185,Things To Do In Visakhapatnam,"Visakhapatnam, also known as Vizag, is a premier coastal city in Andhra Pradesh, celebrated for its stunning beaches, scenic hills, and rich cultural heritage. Popularly called the ""City of Destiny,"" it offers a perfect blend of natural beauty and modern attractions. Key attractions include the panoramic Kailasagiri Hill Park, the ancient Borra Caves, the serene Araku Valley, and the unique INS Kurusura Submarine Museum. The city's coastline is dotted with beautiful beaches like Ramakrishna Beach and the pristine Yarada Beach, while the Simhachalam Temple showcases exquisite ancient architecture. The best time to visit is from October to March for pleasant weather. Well-connected by air, rail, and road, Visakhapatnam is an ideal destination for families, couples, and solo travelers seeking a relaxing coastal escape."
Tirupati,Andhra Pradesh,"Tirupati, often hailed as the ""Spiritual Capital of Andhra Pradesh,"" is a city of profound devotion and timeless heritage, nestled at the foothills of the Eastern Ghats in the Chittoor district. Synonymous with the world-renowned Sri Venkateswara Temple, this sacred city draws millions of pilgrims and tourists each year, making it one of the most visited religious destinations on the planet. The heart of Tirupati's spiritual allure is the Sri Venkateswara Swamy Temple, perched majestically atop the Tirumala hills at an elevation of approximately 980 meters. Dedicated to Lord Venkateswara, an incarnation of Lord Vishnu, this ancient temple is believed to be one of the richest and oldest in the world, with its history intertwined with mythology and mentioned in ancient texts like the Puranas. The temple's Dravidian architecture, gold-plated sanctum, and the sacred Pushkarini tank create an atmosphere of profound spirituality, attracting 50,000 to 70,000 devotees daily, with numbers swelling to 500,000 during special festivals like the annual Brahmotsavam. The sacred ritual of tonsuring, where devotees offer their hair as a gesture of worship, is a unique practice observed here.

Beyond the main temple, Tirupati offers a wealth of cultural and natural attractions. The Sri Padmavathi Ammavari Temple in nearby Tiruchanur is dedicated to Goddess Padmavathi, the consort of Lord Venkateswara, and is a significant pilgrimage site in its own right. For a serene retreat, Kapila Theertham features a sacred 100-foot waterfall and the Kapileswara Swamy Temple, dedicated to Lord Shiva, located at the entrance of the Tirumala hills. History enthusiasts can explore the 11th-century Chandragiri Fort, a 25-acre palace complex that showcases Vijayanagara architecture and offers a glimpse into the region's royal past. Nature lovers will be captivated by the Talakona Waterfalls, the highest waterfall in Andhra Pradesh at 270 feet, surrounded by the dense forests of Sri Venkateswara National Park, perfect for trekking and swimming. For a unique experience, the Silathoranam Garden in the Tirumala Hills is home to an 8-meter-high natural rock arch, a rare geological formation. The city also offers the Sri Venkateswara Zoological Park, a mythologically themed zoo, and the Regional Science Centre, adding to its diverse appeal. Tirupati has been selected as one of the hundred Indian cities to be developed as a smart city, reflecting its modern infrastructure and growing importance as a knowledge hub with institutions like IIT and IISER. The best time to visit is from November to March, when the weather is pleasant and ideal for temple visits and sightseeing. Easily accessible by air via the Tirupati International Airport, by train at the major Tirupati Railway Junction, and by road, Tirupati promises an unforgettable journey for pilgrims, history buffs, and nature enthusiasts alike.",https://upload.wikimedia.org/wikipedia/commons/thumb/4/4e/Tirumala_090615.jpg/960px-Tirumala_090615.jpg,,Sep-Mar,13.6288,79.4192,Things To Do In Tirupati,"Tirupati is a premier pilgrimage destination in Andhra Pradesh, famous for the Sri Venkateswara Temple on the Tirumala hills, one of the richest and most visited religious sites in the world. The city offers a blend of spiritual and natural attractions, including the sacred Padmavathi Temple, the serene Kapila Theertham waterfall, the historical Chandragiri Fort, and the tallest waterfall in Andhra Pradesh, Talakona. Visitors can also explore the unique Silathoranam natural rock arch and the Sri Venkateswara Zoological Park. The best time to visit is from November to March for pleasant weather. Easily accessible via Tirupati International Airport and major railway and road networks, Tirupati promises an unforgettable journey for pilgrims, history enthusiasts, and nature lovers."
Vijayawada,Andhra Pradesh,"Vijayawada, the vibrant business capital of Andhra Pradesh, is a city of immense cultural, historical, and spiritual significance, beautifully nestled on the banks of the sacred Krishna River. Often referred to by its colonial name, Bezawada, this bustling metropolis is the second-largest city in the state and serves as a major commercial and political hub. The city's landscape is dramatically defined by the Indrakeeladri Hills on the west and the Budameru stream on the north, creating a stunning natural setting. The heart and soul of Vijayawada is the revered Kanaka Durga Temple, perched atop the Indrakeeladri Hill. This ancient temple, dedicated to the powerful goddess Durga, is one of the holiest shrines in Andhra Pradesh and attracts a sea of devotees, especially during the grand Navratri festival. The temple's stunning Dravidian architecture and its panoramic views of the city and the Krishna River make it an unmissable spiritual and visual experience.",https://upload.wikimedia.org/wikipedia/commons/7/72/Vijayawada_city.jpg,,Oct-Mar,16.5062,80.648,Things To Do In Vijayawada,"Vijayawada is a major cultural and business hub in Andhra Pradesh, famous for the hilltop Kanaka Durga Temple and its stunning views of the Krishna River. The city offers the ancient rock-cut Undavalli Caves, the impressive Prakasam Barrage, and the historic Victoria Museum. Nature lovers can explore Bhavani Island, one of India's largest river islands, while history enthusiasts can visit the 14th-century Kondapalli Fort. The best time to visit is from October to March for pleasant weather. Well-connected by air, rail, and road, Vijayawada is an ideal destination for pilgrims, history buffs, and nature lovers seeking a rich cultural and spiritual experience."
Jaipur,Rajasthan,"Jaipur, the capital of Rajasthan, is a city of timeless charm, famously known as the ""Pink City"" for its terracotta-coloured buildings. This UNESCO World Heritage Site is a harmonious blend of heritage and modernity, offering a captivating journey through India's royal past. The city's skyline is dominated by the iconic Hawa Mahal, or Palace of Winds, with its intricate latticework windows. The City Palace, a sprawling complex of courtyards and gardens, showcases a stunning blend of Rajput and Mughal architecture. The Jantar Mantar, an astronomical observatory, is another UNESCO World Heritage site, famous for its massive sundial. Jaipur's bustling bazaars, including Johari Bazaar and Bapu Bazaar, are a shopper's paradise for textiles, jewelry, and handicrafts. The city is also dotted with impressive hilltop forts like Amber Fort, offering panoramic views. The best time to visit Jaipur is from October to March.",https://cdn.pixabay.com/photo/2021/04/06/11/22/hawa-mahal-6156123_1280.jpg,,Oct-Mar,26.9124,75.7873,Things To Do In Jaipur,"Jaipur, the ""Pink City"" and capital of Rajasthan, is a UNESCO World Heritage Site famous for the Hawa Mahal, City Palace, and Jantar Mantar. Its vibrant bazaars and hilltop forts like Amber Fort are major attractions. The best time to visit is from October to March."
Udaipur,Rajasthan,"Udaipur, often called the ""City of Lakes"" and the ""Venice of the East,"" is a jewel in the crown of Rajasthan. This enchanting city, located around the azure waters of Lake Pichola, is a dreamscape of magnificent palaces, serene lakes, and lush gardens. The iconic Lake Palace, situated in the middle of Lake Pichola, is one of the most beautiful sights in the city. The City Palace, a sprawling complex overlooking the lake, is a testament to Rajput grandeur. Other beautiful lakes include Fateh Sagar Lake, Udai Sagar Lake, and the man-made Jaisamand Lake, claimed to be the largest of its kind in Asia. Visitors can enjoy tranquil boat rides on the lakes, explore the city's vibrant bazaars, and soak in the warm hospitality and rich traditions. Udaipur has become a favored destination for weddings and luxury travel. The best time to visit Udaipur is from September to March.",https://t3.ftcdn.net/jpg/04/07/92/88/360_F_407928839_Ao1mzTQPyWjGLCjMr5awzqbeOFA3nzKo.jpg,,Oct-Mar,24.5854,73.7125,Things To Do In Udaipur,"Udaipur, the ""City of Lakes"" and ""Venice of the East,"" is a romantic city in Rajasthan famous for its serene lakes, grand palaces like the City Palace and Lake Palace. Key attractions include Lake Pichola and Fateh Sagar Lake. The best time to visit is from September to March."
Jodhpur,Rajasthan,"Jodhpur, the ""Blue City"" of Rajasthan, is a vibrant destination known for its sea of indigo-blue houses that stretch across the old town, creating a mesmerizing visual contrast against the arid desert landscape. The city is dominated by the majestic Mehrangarh Fort, one of the largest and most well-preserved fortresses in India, standing proudly on a hilltop. This imposing fort offers a fascinating glimpse into the region's royal history and houses a museum with royal artefacts. Other attractions include the royal Umaid Bhawan Palace, the peaceful Jaswant Thada, a marble cenotaph, and the bustling Sardar Market near the famous Clock Tower. The city's narrow lanes are perfect for exploring the vibrant culture, colourful bazaars, and delicious Rajasthani street food. The best time to visit Jodhpur is from October to March.",https://plus.unsplash.com/premium_photo-1661904165347-369200d4bf72?fm=jpg&q=60&w=3000&auto=format&fit=crop&ixlib=rb-4.1.0&ixid=M3wxMjA3fDB8MHxzZWFyY2h8NXx8am9kaHB1cnxlbnwwfHwwfHx8MA%3D%3D,,Oct-Mar,26.2389,73.0243,Things To Do In Jodhpur,"Jodhpur, the ""Blue City"" of Rajasthan, is famous for its blue-painted houses and the majestic Mehrangarh Fort, one of India's largest fortresses. Other attractions include Umaid Bhawan Palace and the bustling Sardar Market. The best time to visit is from October to March."
Kolkata,West Bengal,"Kolkata, the cultural capital of India, is a city of immense historical and artistic significance. This vibrant metropolis is famous for its colonial-era architecture, including the magnificent Victoria Memorial and the iconic Howrah Bridge. History buffs can explore the British-built monuments in and around the Maidan. The city is also a hub of spirituality, with the Dakshineswar Kali Temple and the Mother House of Mother Teresa being major draws. Literature lovers can explore the bookshop-lined streets of College Street. Kolkata is also famous for its delicious street food, particularly kathi rolls. The best time to visit is between October and March. Well-connected by air, rail, and road, Kolkata offers a deep and soulful experience for every traveler.",https://c4.wallpaperflare.com/wallpaper/1022/798/409/lights-india-west-bengal-kolkata-wallpaper-preview.jpg,,Oct-Feb,22.5726,88.3639,Things To Do In Kolkata,"Kolkata, the ""Cultural Capital of India,"" is a historic city in West Bengal. Famous for its colonial architecture, it features the Victoria Memorial, Howrah Bridge, and St. Paul's Cathedral. Key spiritual sites include the Dakshineswar Kali Temple and Mother House. The best time to visit is from October to March. Well-connected, Kolkata offers a rich blend of history, culture, art, and delicious street food."
Darjeeling,West Bengal,"Darjeeling, a picturesque hill station in West Bengal, is a captivating destination known for its panoramic Himalayan views, lush tea gardens, and colonial charm. The town's most iconic experience is a ride on the Darjeeling Himalayan Railway, a UNESCO World Heritage Site and one of India's last remaining toy train routes. Another must-do is a pre-dawn trip to Tiger Hill to witness the spectacular sunrise over the Kanchenjunga peak. Visitors can also explore the Himalayan Mountaineering Institute (HMI), the tranquil Ghum Monastery, and the vibrant local bazaars. The best time to visit is from March to June or September to November. Darjeeling is well-connected by road and offers a perfect blend of nature, spirituality, and colonial-era heritage.",https://t4.ftcdn.net/jpg/02/57/98/85/360_F_257988556_UbxCEwXDBjknhWhNAYmY3wuxnRHxz1vK.jpg,,Oct-May,27.036,88.2627,Things To Do In Darjeeling,"Darjeeling is a scenic hill station in West Bengal, famous for its Himalayan views, tea gardens, and the UNESCO-listed Darjeeling Himalayan Railway (Toy Train). Key attractions include Tiger Hill for sunrise, the Himalayan Mountaineering Institute, and Ghum Monastery. The best time to visit is from March to June or September to November. Darjeeling is a perfect destination for nature lovers, railway enthusiasts, and those seeking a serene retreat"
New Delhi,Delhi,"New Delhi, the capital of India, is a sprawling city that offers a magnificent blend of history, culture, and modernity. The city is home to three UNESCO World Heritage Sites: the Qutub Minar, the Red Fort, and Humayun's Tomb. The Qutub Minar is open from 7:00 AM to 9:00 PM with an entry fee of ₹30 for Indians and ₹500 for foreigners. The Red Fort is open from 9:00 AM to 6:00 PM (closed Mondays), with an entry fee of ₹35 for Indians and ₹600 for foreigners. Humayun's Tomb is open from sunrise to sunset, with an entry fee of ₹30 for Indians and ₹500 for foreigners. The city also features the iconic India Gate, a war memorial with free entry, and the Lotus Temple, known for its stunning architecture. The best time to visit is from December to March. New Delhi is a must-visit for history buffs, culture enthusiasts, and shoppers.",https://upload.wikimedia.org/wikipedia/commons/thumb/d/de/The_Secretariat_Building_in_New_Delhi%2C_India.jpg/1920px-The_Secretariat_Building_in_New_Delhi%2C_India.jpg?_=20200326032842,,Oct-Mar,28.6139,77.209,Things To Do In New Delhi,"New Delhi, India's capital, is home to UNESCO sites like Qutub Minar (₹30/₹500, 7 AM-9 PM), Red Fort (₹35/₹600, closed Mondays), and Humayun's Tomb (₹30/₹500, sunrise-sunset). The best time to visit is from December to March. It is a top destination for history and culture"