NAME,CATEGORY,CITY,IS_OPEN,OPENING_TIME,CLOSING_TIME,TIME_REQUIRED,LAST_ENTRY_TIME,ADDRESS,SUBTITLE,DESCRIPTION,LATITUDE,LONGITUDE,IMAGE_URL,MAX_DAILY_CAPACITY,ENTRY_FEE_BASE
Jantar Mantar Jaipur,Monuments,Jaipur,,,,,,"Gangori Bazaar, J.D.A. Market, Pink City, Jaipur, Rajasthan 302002",Astronomical observatory.,"Jantar Mantar Jaipur is one of the notable attractions in India and offers visitors a rich blend of history, culture, architecture, local traditions, and memorable travel experiences. This destination attracts tourists, students, photographers, families, and heritage enthusiasts who wish to explore the unique character of the region. The site reflects the evolution of local communities, artistic influences, and historical developments that have shaped its identity over time.
 
 Visitors often appreciate the architectural features, surrounding landscape, cultural significance, and stories associated with Jantar Mantar Jaipur. Depending on the season, the attraction may provide different experiences, including festivals, ceremonies, guided tours, educational activities, and opportunities to learn about regional heritage. The location serves as an important landmark and contributes significantly to tourism in its city and state.
 
 The atmosphere around Jantar Mantar Jaipur allows travelers to experience local cuisine, traditional markets, crafts, and cultural performances. Many visitors spend time exploring nearby attractions, making the destination a valuable part of broader travel itineraries. The site is frequently featured in travel guides because of its historical importance, visual appeal, and visitor-friendly environment.
 
 From an educational perspective, Jantar Mantar Jaipur provides insights into architecture, engineering, art, religion, governance, social history, and cultural traditions. Researchers and history enthusiasts often study the monument, structure, institution, or landscape to understand its role within the wider historical context of India. Its preservation highlights the importance of protecting heritage for future generations.
 
 Photography enthusiasts are drawn to the site because of its distinctive design, scenic surroundings, and changing visual character throughout the day. Early mornings and evenings are often considered especially rewarding for sightseeing and photography. Visitors can enjoy detailed craftsmanship, notable landmarks, and carefully planned layouts that showcase the creativity of builders and designers.
 
 Today, Jantar Mantar Jaipur continues to be an important destination for domestic and international tourists. It represents a combination of cultural pride, historical value, and tourism potential. Whether visitors are interested in learning about the past, enjoying architectural beauty, experiencing local culture, or simply spending quality time exploring a remarkable destination, Jantar Mantar Jaipur offers a rewarding and memorable experience. Its enduring popularity demonstrates its significance within India’s tourism landscape and ensures that it remains a destination worth visiting for people of all ages and interests.",26.9248,75.8246,https://commons.wikimedia.org/wiki/Special:FilePath/Jantar_Mantar_Jaipur.jpg,20,0
India Gate,Monuments,"New Delhi",,0:00:00,23:59:59,3600,23:59:59,"Kartavya Path, New Delhi, Delhi 110001",National war memorial.,"India Gate is one of the notable attractions in India and offers visitors a rich blend of history, culture, architecture, local traditions, and memorable travel experiences. This destination attracts tourists, students, photographers, families, and heritage enthusiasts who wish to explore the unique character of the region. The site reflects the evolution of local communities, artistic influences, and historical developments that have shaped its identity over time.
 
 Visitors often appreciate the architectural features, surrounding landscape, cultural significance, and stories associated with India Gate. Depending on the season, the attraction may provide different experiences, including festivals, ceremonies, guided tours, educational activities, and opportunities to learn about regional heritage. The location serves as an important landmark and contributes significantly to tourism in its city and state.
 
 The atmosphere around India Gate allows travelers to experience local cuisine, traditional markets, crafts, and cultural performances. Many visitors spend time exploring nearby attractions, making the destination a valuable part of broader travel itineraries. The site is frequently featured in travel guides because of its historical importance, visual appeal, and visitor-friendly environment.
 
 From an educational perspective, India Gate provides insights into architecture, engineering, art, religion, governance, social history, and cultural traditions. Researchers and history enthusiasts often study the monument, structure, institution, or landscape to understand its role within the wider historical context of India. Its preservation highlights the importance of protecting heritage for future generations.
 
 Photography enthusiasts are drawn to the site because of its distinctive design, scenic surroundings, and changing visual character throughout the day. Early mornings and evenings are often considered especially rewarding for sightseeing and photography. Visitors can enjoy detailed craftsmanship, notable landmarks, and carefully planned layouts that showcase the creativity of builders and designers.
 
 Today, India Gate continues to be an important destination for domestic and international tourists. It represents a combination of cultural pride, historical value, and tourism potential. Whether visitors are interested in learning about the past, enjoying architectural beauty, experiencing local culture, or simply spending quality time exploring a remarkable destination, India Gate offers a rewarding and memorable experience. Its enduring popularity demonstrates its significance within India’s tourism landscape and ensures that it remains a destination worth visiting for people of all ages and interests.",28.6129,77.2295,https://commons.wikimedia.org/wiki/Special:FilePath/India_Gate.jpg,20,0
Humayun's Tomb,Memorials,"New Delhi",,6:00:00,18:00:00,7200,18:00:00,"Mathura Rd, Nizamuddin East, New Delhi, Delhi 110013",UNESCO Mughal tomb.,"Humayun's Tomb is one of the notable attractions in India and offers visitors a rich blend of history, culture, architecture, local traditions, and memorable travel experiences. This destination attracts tourists, students, photographers, families, and heritage enthusiasts who wish to explore the unique character of the region. The site reflects the evolution of local communities, artistic influences, and historical developments that have shaped its identity over time.
 
 Visitors often appreciate the architectural features, surrounding landscape, cultural significance, and stories associated with Humayun's Tomb. Depending on the season, the attraction may provide different experiences, including festivals, ceremonies, guided tours, educational activities, and opportunities to learn about regional heritage. The location serves as an important landmark and contributes significantly to tourism in its city and state.
 
 The atmosphere around Humayun's Tomb allows travelers to experience local cuisine, traditional markets, crafts, and cultural performances. Many visitors spend time exploring nearby attractions, making the destination a valuable part of broader travel itineraries. The site is frequently featured in travel guides because of its historical importance, visual appeal, and visitor-friendly environment.
 
 From an educational perspective, Humayun's Tomb provides insights into architecture, engineering, art, religion, governance, social history, and cultural traditions. Researchers and history enthusiasts often study the monument, structure, institution, or landscape to understand its role within the wider historical context of India. Its preservation highlights the importance of protecting heritage for future generations.
 
 Photography enthusiasts are drawn to the site because of its distinctive design, scenic surroundings, and changing visual character throughout the day. Early mornings and evenings are often considered especially rewarding for sightseeing and photography. Visitors can enjoy detailed craftsmanship, notable landmarks, and carefully planned layouts that showcase the creativity of builders and designers.
 
 Today, Humayun's Tomb continues to be an important destination for domestic and international tourists. It represents a combination of cultural pride, historical value, and tourism potential. Whether visitors are interested in learning about the past, enjoying architectural beauty, experiencing local culture, or simply spending quality time exploring a remarkable destination, Humayun's Tomb offers a rewarding and memorable experience. Its enduring popularity demonstrates its significance within India’s tourism landscape and ensures that it remains a destination worth visiting for people of all ages and interests.",28.5933,77.2507,https://commons.wikimedia.org/wiki/Special:FilePath/Humayun's_Tomb.jpg,20,35
Victoria Memorial,Museums,Kolkata,,10:00:00,17:00:00,3600,5:00,"1, Queen's Way, Maidan, Kolkata, West Bengal 700071",Colonial landmark.,"Victoria Memorial is one of the notable attractions in India and offers visitors a rich blend of history, culture, architecture, local traditions, and memorable travel experiences. This destination attracts tourists, students, photographers, families, and heritage enthusiasts who wish to explore the unique character of the region. The site reflects the evolution of local communities, artistic influences, and historical developments that have shaped its identity over time.
 
 Visitors often appreciate the architectural features, surrounding landscape, cultural significance, and stories associated with Victoria Memorial. Depending on the season, the attraction may provide different experiences, including festivals, ceremonies, guided tours, educational activities, and opportunities to learn about regional heritage. The location serves as an important landmark and contributes significantly to tourism in its city and state.
 
 The atmosphere around Victoria Memorial allows travelers to experience local cuisine, traditional markets, crafts, and cultural performances. Many visitors spend time exploring nearby attractions, making the destination a valuable part of broader travel itineraries. The site is frequently featured in travel guides because of its historical importance, visual appeal, and visitor-friendly environment.
 
 From an educational perspective, Victoria Memorial provides insights into architecture, engineering, art, religion, governance, social history, and cultural traditions. Researchers and history enthusiasts often study the monument, structure, institution, or landscape to understand its role within the wider historical context of India. Its preservation highlights the importance of protecting heritage for future generations.
 
 Photography enthusiasts are drawn to the site because of its distinctive design, scenic surroundings, and changing visual character throughout the day. Early mornings and evenings are often considered especially rewarding for sightseeing and photography. Visitors can enjoy detailed craftsmanship, notable landmarks, and carefully planned layouts that showcase the creativity of builders and designers.
 
 Today, Victoria Memorial continues to be an important destination for domestic and international tourists. It represents a combination of cultural pride, historical value, and tourism potential. Whether visitors are interested in learning about the past, enjoying architectural beauty, experiencing local culture, or simply spending quality time exploring a remarkable destination, Victoria Memorial offers a rewarding and memorable experience. Its enduring popularity demonstrates its significance within India’s tourism landscape and ensures that it remains a destination worth visiting for people of all ages and interests.",22.5448,88.3426,https://i.redd.it/f1bgadfwzc531.jpg,20,30
Indian Museum Kolkata,Museums,Kolkata,,,,,,"27 Jawaharlal Nehru Rd, Park Street Area, Kolkata, West Bengal 700016",Oldest and largest museum in India.,"Indian Museum Kolkata is one of the notable attractions in India and offers visitors a rich blend of history, culture, architecture, local traditions, and memorable travel experiences. This destination attracts tourists, students, photographers, families, and heritage enthusiasts who wish to explore the unique character of the region. The site reflects the evolution of local communities, artistic influences, and historical developments that have shaped its identity over time.
 
 Visitors often appreciate the architectural features, surrounding landscape, cultural significance, and stories associated with Indian Museum Kolkata. Depending on the season, the attraction may provide different experiences, including festivals, ceremonies, guided tours, educational activities, and opportunities to learn about regional heritage. The location serves as an important landmark and contributes significantly to tourism in its city and state.
 
 The atmosphere around Indian Museum Kolkata allows travelers to experience local cuisine, traditional markets, crafts, and cultural performances. Many visitors spend time exploring nearby attractions, making the destination a valuable part of broader travel itineraries. The site is frequently featured in travel guides because of its historical importance, visual appeal, and visitor-friendly environment.
 
 From an educational perspective, Indian Museum Kolkata provides insights into architecture, engineering, art, religion, governance, social history, and cultural traditions. Researchers and history enthusiasts often study the monument, structure, institution, or landscape to understand its role within the wider historical context of India. Its preservation highlights the importance of protecting heritage for future generations.
 
 Photography enthusiasts are drawn to the site because of its distinctive design, scenic surroundings, and changing visual character throughout the day. Early mornings and evenings are often considered especially rewarding for sightseeing and photography. Visitors can enjoy detailed craftsmanship, notable landmarks, and carefully planned layouts that showcase the creativity of builders and designers.
 
 Today, Indian Museum Kolkata continues to be an important destination for domestic and international tourists. It represents a combination of cultural pride, historical value, and tourism potential. Whether visitors are interested in learning about the past, enjoying architectural beauty, experiencing local culture, or simply spending quality time exploring a remarkable destination, Indian Museum Kolkata offers a rewarding and memorable experience. Its enduring popularity demonstrates its significance within India’s tourism landscape and ensures that it remains a destination worth visiting for people of all ages and interests.",22.558,88.351,https://commons.wikimedia.org/wiki/Special:FilePath/Indian_Museum_Kolkata.jpg,20,0
City Palace Udaipur,Palaces,Udaipur,,,,,,"Old City, Udaipur, Rajasthan 313001",Lakeside royal palace.,"City Palace Udaipur is one of the notable attractions in India and offers visitors a rich blend of history, culture, architecture, local traditions, and memorable travel experiences. This destination attracts tourists, students, photographers, families, and heritage enthusiasts who wish to explore the unique character of the region. The site reflects the evolution of local communities, artistic influences, and historical developments that have shaped its identity over time.
 
 Visitors often appreciate the architectural features, surrounding landscape, cultural significance, and stories associated with City Palace Udaipur. Depending on the season, the attraction may provide different experiences, including festivals, ceremonies, guided tours, educational activities, and opportunities to learn about regional heritage. The location serves as an important landmark and contributes significantly to tourism in its city and state.
 
 The atmosphere around City Palace Udaipur allows travelers to experience local cuisine, traditional markets, crafts, and cultural performances. Many visitors spend time exploring nearby attractions, making the destination a valuable part of broader travel itineraries. The site is frequently featured in travel guides because of its historical importance, visual appeal, and visitor-friendly environment.
 
 From an educational perspective, City Palace Udaipur provides insights into architecture, engineering, art, religion, governance, social history, and cultural traditions. Researchers and history enthusiasts often study the monument, structure, institution, or landscape to understand its role within the wider historical context of India. Its preservation highlights the importance of protecting heritage for future generations.
 
 Photography enthusiasts are drawn to the site because of its distinctive design, scenic surroundings, and changing visual character throughout the day. Early mornings and evenings are often considered especially rewarding for sightseeing and photography. Visitors can enjoy detailed craftsmanship, notable landmarks, and carefully planned layouts that showcase the creativity of builders and designers.
 
 Today, City Palace Udaipur continues to be an important destination for domestic and international tourists. It represents a combination of cultural pride, historical value, and tourism potential. Whether visitors are interested in learning about the past, enjoying architectural beauty, experiencing local culture, or simply spending quality time exploring a remarkable destination, City Palace Udaipur offers a rewarding and memorable experience. Its enduring popularity demonstrates its significance within India’s tourism landscape and ensures that it remains a destination worth visiting for people of all ages and interests.",24.5767,73.6835,https://cdn.pixabay.com/photo/2018/03/15/22/02/udaipur-3229676_960_720.jpg,20,0
Mehrangarh Fort,Forts,Jodhpur,,,,,,"Fort Rd, Jodhpur, Rajasthan 342006",Massive hilltop fort.,"Mehrangarh Fort is one of the notable attractions in India and offers visitors a rich blend of history, culture, architecture, local traditions, and memorable travel experiences. This destination attracts tourists, students, photographers, families, and heritage enthusiasts who wish to explore the unique character of the region. The site reflects the evolution of local communities, artistic influences, and historical developments that have shaped its identity over time.
 
 Visitors often appreciate the architectural features, surrounding landscape, cultural significance, and stories associated with Mehrangarh Fort. Depending on the season, the attraction may provide different experiences, including festivals, ceremonies, guided tours, educational activities, and opportunities to learn about regional heritage. The location serves as an important landmark and contributes significantly to tourism in its city and state.
 
 The atmosphere around Mehrangarh Fort allows travelers to experience local cuisine, traditional markets, crafts, and cultural performances. Many visitors spend time exploring nearby attractions, making the destination a valuable part of broader travel itineraries. The site is frequently featured in travel guides because of its historical importance, visual appeal, and visitor-friendly environment.
 
 From an educational perspective, Mehrangarh Fort provides insights into architecture, engineering, art, religion, governance, social history, and cultural traditions. Researchers and history enthusiasts often study the monument, structure, institution, or landscape to understand its role within the wider historical context of India. Its preservation highlights the importance of protecting heritage for future generations.
 
 Photography enthusiasts are drawn to the site because of its distinctive design, scenic surroundings, and changing visual character throughout the day. Early mornings and evenings are often considered especially rewarding for sightseeing and photography. Visitors can enjoy detailed craftsmanship, notable landmarks, and carefully planned layouts that showcase the creativity of builders and designers.
 
 Today, Mehrangarh Fort continues to be an important destination for domestic and international tourists. It represents a combination of cultural pride, historical value, and tourism potential. Whether visitors are interested in learning about the past, enjoying architectural beauty, experiencing local culture, or simply spending quality time exploring a remarkable destination, Mehrangarh Fort offers a rewarding and memorable experience. Its enduring popularity demonstrates its significance within India’s tourism landscape and ensures that it remains a destination worth visiting for people of all ages and interests.",26.2978,73.0181,https://commons.wikimedia.org/wiki/Special:FilePath/Mehrangarh_Fort.jpg,20,0